{
  "metrics": {
    "roc_auc": 0.8415562272339767,
    "pr_auc": 0.6331502439029664,
    "log_loss": 0.42076224792818,
    "brier": 0.13825113755553126,
    "recall@10": 0.2807486631016043,
    "precision@10": 0.75,
    "recall@20": 0.4946524064171123,
    "precision@20": 0.6583629893238434,
    "recall@30": 0.6497326203208557,
    "precision@30": 0.5758293838862559
  },
  "best_threshold": 0.15,
  "best_profit": 9360.0,
  "profit_curve": {
    "0.05": 8100.0,
    "0.1": 8920.0,
    "0.15": 9360.0,
    "0.2": 9230.0,
    "0.25": 8960.0,
    "0.3": 8770.0,
    "0.35": 8300.0,
    "0.4": 8130.0,
    "0.45": 7600.0,
    "0.5": 7220.0,
    "0.55": 6010.0,
    "0.6": 5080.0,
    "0.65": 3860.0,
    "0.7": 2030.0,
    "0.75": 840.0,
    "0.8": 300.0,
    "0.85": 0.0,
    "0.9": 0.0,
    "0.95": 0.0
  }
}